<?xml version="1.0" encoding="UTF-8" ?>
<templates id="template" xml:space="preserve">

    <t t-name="EditOrderPopup" owl="1">
		<Dialog title.translate="Edit Order Lines">
            <main class="full-content edit-order-popup">
                <div class="order-line-window">
                    <section class="subwindow list">
                        <div class="subwindow-container">
                            <div class="subwindow-container-fix scrollable-y">
                                <table class="order-line-list">
                                    <thead>
                                        <tr>
                                            <th>Product</th>
                                            <th>Quantity</th>
                                            <th>UoM</th>
                                            <th>Price</th>
                                            <th
                                                t-if="pos.config.manual_discount"
                                            >Discount</th>
                                        </tr>
                                    </thead>
                                    <tbody
                                        class="order-line-list-contents"
                                        t-on-onchange="_onchange"
                                    >
                                        <t
                                            t-foreach="state.array"
                                            t-as="item"
                                            t-key="item._id"
                                        >
                                            <EditOrderLineInput item="item" onchange="handleChange" />
                                        </t>
                                    </tbody>
                                </table>
                            </div>
                        </div>
                    </section>
                </div>
                <t t-set-slot="footer">
					<button class="button confirm btn btn-lg lh-lg btn-primary"
						t-on-click="confirm">
						Confirm
					</button>
					<button class="button cancel btn btn-lg lh-lg btn-secondary" t-on-click="props.close">
						Cancel
					</button>
				</t>
            </main>
        </Dialog>
<!--        <div role="dialog" class="modal-dialog edit-order-popup">-->
<!--            <div class="popup popup-text">-->
<!--                <header class="title">-->
<!--                    <t t-esc="props.title" />-->
<!--                </header>-->
<!--                <footer class="footer">-->
<!--                    <div class="button confirm" t-on-click="confirm">-->
<!--                        <t t-esc="props.confirmText" />-->
<!--                    </div>-->
<!--                    <div class="button cancel" t-on-click="cancel">-->
<!--                        <t t-esc="props.cancelText" />-->
<!--                    </div>-->
<!--                </footer>-->
<!--            </div>-->
<!--        </div>-->
    </t>

</templates>
